DESCR,LOC
Grid BM82A,LB3
Grid BM82A,LB3
Grid BM82A,LB3
Grid BZ82S,LB3
Grid BZ82S,LB3
Grid AA15X,LE1
Grid AA15X,LE1
Grid AA15X,LE1
Grid AA15X,LE1
Grid BB20Y,LE2
Grid BB20Y,LE2
Grid CC30Z,LE2
Grid DD40W,LD1
Grid DD40W,LD1
Grid DD40W,LD1
Grid DD40W,LD1
Grid DD40W,LD1
Grid DD40W,LD1
Grid DD40W,LD1
Grid EE50A,LD2
Grid EE50A,LD2
Grid EE50A,LD2
Grid FF60B,LC1
Grid FF60B,LC1
Grid FF60B,LC1
Grid FF60B,LC1
Grid FF60B,LC1
Grid FF60B,LC1
Grid FF60B,LC1
Grid FF60B,LC1
Grid GG70C,LC2
Grid GG70C,LC2
Grid HH80D,LC2
Grid II90E,LB1
Grid II90E,LB1
Grid JJ10F,LB1
Grid KK20G,LB2
Grid KK20G,LB2
Grid KK20G,LB2
Grid KK20G,LB2
Grid LL30H,LB2
Grid MM40I,LG1
Grid MM40I,LG1
Grid MM40I,LG1
Grid NN50J,LG1
Grid OO60K,LG2
Grid PP70L,LF1
Grid PP70L,LF1
Grid PP70L,LF1
Grid PP70L,LF1
Grid PP70L,LF1
Grid PP70L,LF1
Grid QQ80M,LF2
Grid QQ80M,LF2
Grid RR90N,LF3
Grid RR90N,LF3
Grid RR90N,LF3
Grid SS10O,LF4
Grid SS10O,LF4
Grid SS10O,LF4
Grid SS10O,LF4
Grid SS10O,LF4